"Lead Id","Lead Owner","Lead Owner Id",Company,"First Name","Last Name",Title,Email,Phone,Fax,Mobile,Website,"Lead Source","Lead Status",Industry,"No of Employees","Annual Revenue",Rating,"Created By","Created By Id","Modified By","Modified By Id","Created Time","Modified Time",Street,City,State,"Zip Code",Country,Description,"Skype ID","Email Opt Out",Salutation,"Secondary Email","Last Activity Time",Twitter
zcrm_1490529000000085001,"Darko Androcec",zcrm_1490529000000083003,"Tvrtka d.o.o",Ivo,Ivic,,darkoandr@yahoo.com,+38512343434,,+38512343434,,Partner,,ManagementISV,0,233,,"Darko Androcec",zcrm_1490529000000083003,"Darko Androcec",zcrm_1490529000000083003,"2015-05-07 03:45:33","2015-05-07 03:45:33","Zagrebacka 23",Varazdin,,,Croatia,"Textual description",,false,Mr.,,"2015-05-07 03:45:33",
zcrm_1490529000000085074,"Darko Androcec",zcrm_1490529000000083003,FOI,Ana,Anic,,,,,,,,,,0,0,,"Darko Androcec",zcrm_1490529000000083003,"Darko Androcec",zcrm_1490529000000083003,"2015-05-07 03:46:40","2015-05-07 03:46:40","Pavlinska 2",Varazdin,,,Croatia,,,false,Mrs.,,"2015-05-07 03:46:40",
zcrm_1490529000000086001,"Darko Androcec",zcrm_1490529000000083003,"Habulan Ltd-",Pero,Peric,,peric@habulan.hr,+3857676767,,+3857676767,,OnlineStore,Contacted,"Data/Telecom OEM",0,0,,"Darko Androcec",zcrm_1490529000000083003,"Darko Androcec",zcrm_1490529000000083003,"2015-05-07 23:37:56","2015-05-07 23:37:56",,,,,,,,false,,,"2015-05-07 23:37:56",
zcrm_1490529000000086005,"Darko Androcec",zcrm_1490529000000083003,FER,John,Horvat,,,,,,,,,,0,0,,"Darko Androcec",zcrm_1490529000000083003,"Darko Androcec",zcrm_1490529000000083003,"2015-05-07 23:38:24","2015-05-07 23:38:24",,,,,,,,false,,,"2015-05-07 23:38:24",
