"Product Id","Product Owner","Product Owner Id","Product Name","Product Code","Vendor Name","Vendor Id","Product Active",Manufacturer,"Product Category","Sales Start Date","Sales End Date","Support Start Date","Support Expiry Date","Created By","Created By Id","Modified By","Modified By Id","Created Time","Modified Time","Unit Price","Commission Rate",Tax,"Usage Unit","Qty Ordered","Qty in Stock","Reorder Level",Handler,"Qty in Demand",Description,Taxable
zcrm_1490529000000086095,"Darko Androcec",zcrm_1490529000000083003,"Interoperability SaaS service",INTSAAS,Amazon,zcrm_1490529000000086091,true,"LexPon Inc.",Software,,2015-05-30,,,"Darko Androcec",zcrm_1490529000000083003,"Darko Androcec",zcrm_1490529000000083003,"2015-05-07 23:57:18","2015-05-07 23:57:18",1234,0,,Box,0,0,0,,0,,true
zcrm_1490529000000086099,"Darko Androcec",zcrm_1490529000000083003,"Interoperability PaaS Service",IntPaaS,,,true,,,2015-05-08,2015-05-30,,,"Darko Androcec",zcrm_1490529000000083003,"Darko Androcec",zcrm_1490529000000083003,"2015-05-07 23:57:49","2015-05-07 23:57:49",456,0,,Box,0,0,0,,1,,true
zcrm_1490529000000086103,"Darko Androcec",zcrm_1490529000000083003,"Interoperability IaaS Service",IntIaaS,,,true,,,,,,,"Darko Androcec",zcrm_1490529000000083003,"Darko Androcec",zcrm_1490529000000083003,"2015-05-07 23:58:26","2015-05-07 23:58:26",0,0,,Box,0,0,0,,0,,true
zcrm_1490529000000086162,"Darko Androcec",zcrm_1490529000000083003,IaaS,IaaS,Oracle,zcrm_1490529000000086158,true,,,,,,,"Darko Androcec",zcrm_1490529000000083003,"Darko Androcec",zcrm_1490529000000083003,"2015-05-08 00:19:08","2015-05-08 00:19:08",1234,0,,,2,0,0,,0,,true
